model,attribute,groups_compared,recall_gap,recall_range,false_positive_rate_gap,false_positive_rate_range,precision_gap,precision_range,share_flagged_gap,share_flagged_range,gap_above_limit,threshold,roc_auc,pr_auc
final,gender,3,0.1407619626250235,Male 0.54 - Female 0.68,0.1277760017771564,Male 0.20 - Female 0.33,0.02068988285008208,Not given 0.17 - Female 0.19,0.13904306194799626,Male 0.22 - Female 0.36,True,0.5224268436431885,0.7453626131848208,0.2271975255645787
final,age_band,6,0.47391465276599676,61-69 0.26 - 21-30 0.73,0.30483766026136916,61-69 0.10 - 21-30 0.40,0.06584347748052113,61-69 0.13 - 31-40 0.19,0.332742877739552,61-69 0.10 - 21-30 0.44,True,0.5224268436431885,0.7453626131848208,0.2271975255645787
final,marital_status,5,0.24101434605277477,Widowed 0.41 - Single 0.65,0.16516142533870806,Widowed 0.13 - Single 0.30,0.019574464823600674,Widowed 0.17 - Single 0.19,0.1819135111513191,Widowed 0.15 - Single 0.33,True,0.5224268436431885,0.7453626131848208,0.2271975255645787
final,education,5,0.21275074402938537,Graduation 0.43 - Secondary 0.64,0.16103653891425157,Graduation 0.13 - Secondary 0.29,0.06832327489861736,Graduation 0.15 - Junior secondary 0.22,0.17803468381745532,Graduation 0.14 - Secondary 0.32,True,0.5224268436431885,0.7453626131848208,0.2271975255645787
final,income_type,5,0.35189831538961863,Retired 0.32 - Service 0.67,0.1928127554122254,Retired 0.12 - Service 0.31,0.052339530857072186,Retired 0.14 - Not given 0.19,0.21586131369700803,Retired 0.13 - Service 0.34,True,0.5224268436431885,0.7453626131848208,0.2271975255645787
without_sensitive,gender,3,0.08878891670223121,Male 0.56 - Female 0.65,0.0749196168465272,Male 0.22 - Female 0.30,0.033953449692900706,Male 0.16 - Female 0.20,0.0862515145076776,Male 0.25 - Female 0.33,False,0.5198990106582642,0.7427450871179908,0.2238143418279469
without_sensitive,age_band,6,0.5084360204191793,61-69 0.26 - 21-30 0.77,0.3398743901558519,61-69 0.10 - 21-30 0.44,0.0759179145759648,61-69 0.12 - 31-40 0.20,0.3673975797240919,61-69 0.11 - 21-30 0.48,True,0.5198990106582642,0.7427450871179908,0.2238143418279469
without_sensitive,marital_status,5,0.23370118929469913,Widowed 0.42 - Single 0.66,0.1616802995475139,Widowed 0.15 - Single 0.31,0.03149529736227988,Widowed 0.15 - Not given 0.19,0.17782041354565178,Widowed 0.17 - Single 0.35,True,0.5198990106582642,0.7427450871179908,0.2238143418279469
without_sensitive,education,5,0.21070803279447364,Graduation 0.43 - Secondary 0.64,0.16555923110479964,Graduation 0.13 - Secondary 0.29,0.05886089145843351,Graduation 0.15 - Junior secondary 0.21,0.18190884336398738,Graduation 0.14 - Secondary 0.32,True,0.5198990106582642,0.7427450871179908,0.2238143418279469
without_sensitive,income_type,5,0.34983040728522613,Retired 0.33 - Service 0.67,0.19133043693070545,Retired 0.12 - Service 0.32,0.05856389688924371,Retired 0.14 - Not given 0.19,0.2142060301151289,Retired 0.14 - Service 0.35,True,0.5198990106582642,0.7427450871179908,0.2238143418279469
