model,attribute,group,applicants,defaulters,default_rate,mean_score,share_flagged,recall,false_positive_rate,precision,enough_data
final,gender,Female,28908,2894,0.10011069600110696,0.44193770255320913,0.3607305936073059,0.6800276434001382,0.32520950257553627,0.18872266973532797,True
final,gender,Male,55276,3922,0.07095303567551921,0.3682998485612805,0.22168753165930966,0.5392656807751147,0.19743350079837987,0.17259670311734943,True
final,gender,Not given,1572,125,0.07951653944020357,0.422544977101604,0.3104325699745547,0.656,0.2805805114029026,0.1680327868852459,True
final,age_band,21-30,14320,1570,0.10963687150837989,0.48153448503844276,0.43652234636871506,0.7305732484076433,0.40031372549019606,0.1834906414973604,True
final,age_band,31-40,22565,2084,0.09235541768225128,0.41942102396994857,0.32288943053401287,0.6756238003838771,0.28699770519017626,0.19324732363436728,True
final,age_band,41-50,20292,1548,0.07628622117090479,0.3820298220881509,0.2497043169722058,0.5755813953488372,0.22279129321382843,0.17584369449378331,True
final,age_band,51-60,18175,1135,0.0624484181568088,0.3445800066460564,0.1647317744154058,0.43612334801762115,0.1466549295774648,0.1653306613226453,True
final,age_band,61-69,8017,413,0.0515155294998129,0.3047466544326159,0.10377946862916303,0.2566585956416465,0.09547606522882693,0.12740384615384615,True
final,age_band,Not given,2387,191,0.08001675743611228,0.41058412553905616,0.3100125680770842,0.6178010471204188,0.28324225865209474,0.15945945945945947,True
final,marital_status,Divorced,5317,415,0.07805153281925899,0.3833878105818085,0.24637953733308257,0.5469879518072289,0.22093023255813954,0.1732824427480916,True
final,marital_status,Married,61609,4909,0.07967991689525881,0.3921048102567547,0.2677206252333263,0.6013444693420249,0.23883597883597885,0.17897417242633684,True
final,marital_status,Not given,2285,187,0.08183807439824946,0.3953858936274795,0.2792122538293217,0.6042780748663101,0.2502383222116301,0.17711598746081506,True
final,marital_status,Single,12305,1171,0.09516456724908574,0.427853739244295,0.33238520926452664,0.6541417591801879,0.29854499730555056,0.18728606356968217,True
final,marital_status,Widowed,4240,259,0.06108490566037736,0.33822239768243273,0.15047169811320754,0.41312741312741313,0.1333835719668425,0.1677115987460815,True
final,education,Graduation,20299,1023,0.05039657125966796,0.30158364249638253,0.14025321444406127,0.42717497556207235,0.125025938991492,0.15349490691956447,True
final,education,Graduation dropout,2817,248,0.08803691870784522,0.38716282496638105,0.25204117855875047,0.5524193548387096,0.22304398598676528,0.19295774647887323,True
final,education,Junior secondary,1034,114,0.1102514506769826,0.399883849612965,0.26595744680851063,0.5350877192982456,0.2326086956521739,0.22181818181818183,True
final,education,Not given,2431,171,0.07034142328259975,0.35591741961379914,0.2102015631427396,0.49122807017543857,0.18893805309734513,0.1643835616438356,True
final,education,Post Grad,43,0,0.0,0.29059592019333397,0.13953488372093023,,0.13953488372093023,0.0,False
final,education,Secondary,59132,5385,0.09106744233240885,0.4277586320329365,0.3182878982615166,0.6399257195914577,0.2860624779057436,0.18309335316933212,True
final,income_type,Commercial,19558,1469,0.0751099294406381,0.3789037332777877,0.25125268432355047,0.5833900612661674,0.22427994914036153,0.1743996743996744,True
final,income_type,Govt Job,5800,323,0.055689655172413796,0.3094770275054756,0.1510344827586207,0.46439628482972134,0.13255431805733064,0.17123287671232876,True
final,income_type,Maternity leave,2,0,0.0,0.11225724592804905,0.0,,0.0,,False
final,income_type,Not given,2438,194,0.07957342083675144,0.38895047792876053,0.2604593929450369,0.634020618556701,0.2281639928698752,0.19370078740157481,True
final,income_type,Retired,14871,843,0.05668751260843252,0.33179047374000553,0.12843789926702978,0.3202846975088968,0.11690903906472769,0.14136125654450263,True
final,income_type,Service,43073,4109,0.09539618786710932,0.43423966125998353,0.3442992129640378,0.6721830128985155,0.3097217944769531,0.18624409979770734,True
final,income_type,Student,8,0,0.0,0.32745086401700974,0.25,,0.25,0.0,False
final,income_type,Unemployed,6,3,0.5,0.5309687455495199,0.5,1.0,0.0,1.0,False
without_sensitive,gender,Female,28908,2894,0.10011069600110696,0.4244681467265803,0.331638300816383,0.6510020732550104,0.29610978703774893,0.196516115573172,True
without_sensitive,gender,Male,55276,3922,0.07095303567551921,0.38159906137215377,0.24538678630870542,0.5622131565527791,0.22119017019122172,0.1625626658802713,True
without_sensitive,gender,Not given,1572,125,0.07951653944020357,0.3930634649840134,0.2684478371501272,0.608,0.23911541119557705,0.18009478672985782,True
without_sensitive,age_band,21-30,14320,1570,0.10963687150837989,0.5024758384283372,0.47891061452513967,0.767515923566879,0.4433725490196078,0.17570720326625838,True
without_sensitive,age_band,31-40,22565,2084,0.09235541768225128,0.410566405690802,0.30449811655218256,0.6449136276391555,0.26985987012352913,0.1956047154708194,True
without_sensitive,age_band,41-50,20292,1548,0.07628622117090479,0.37815794153598875,0.2425586438005125,0.563953488372093,0.21601579172001706,0.1773669240146282,True
without_sensitive,age_band,51-60,18175,1135,0.0624484181568088,0.3526446758642116,0.18464924346629985,0.4616740088105727,0.16619718309859155,0.15613825983313467,True
without_sensitive,age_band,61-69,8017,413,0.0515155294998129,0.3115817013856368,0.11151303480104777,0.25907990314769974,0.10349815886375592,0.11968680089485459,True
without_sensitive,age_band,Not given,2387,191,0.08001675743611228,0.3942007895845453,0.28152492668621704,0.5863874345549738,0.2550091074681239,0.16666666666666666,True
without_sensitive,marital_status,Divorced,5317,415,0.07805153281925899,0.38384815812908224,0.2473199172465676,0.5397590361445783,0.22256221950224397,0.1703422053231939,True
without_sensitive,marital_status,Married,61609,4909,0.07967991689525881,0.3934198639870821,0.2701553344478891,0.5995111020574455,0.24164021164021163,0.17682047584715213,True
without_sensitive,marital_status,Not given,2285,187,0.08183807439824946,0.3960288932868962,0.2765864332603939,0.6256684491978609,0.24547187797902764,0.185126582278481,True
without_sensitive,marital_status,Single,12305,1171,0.09516456724908574,0.4321207013114385,0.34668833807395366,0.6584116140051238,0.3139033590802946,0.18073136427566808,True
without_sensitive,marital_status,Widowed,4240,259,0.06108490566037736,0.3491496134395623,0.16886792452830188,0.4247104247104247,0.1522230595327807,0.15363128491620112,True
without_sensitive,education,Graduation,20299,1023,0.05039657125966796,0.30209917222921423,0.1414355386964875,0.42717497556207235,0.12627101058310852,0.15221177290142807,True
without_sensitive,education,Graduation dropout,2817,248,0.08803691870784522,0.39467993047039457,0.27227547035853744,0.6048387096774194,0.24017127286882056,0.19556714471968709,True
without_sensitive,education,Junior secondary,1034,114,0.1102514506769826,0.4104276905430758,0.27949709864603484,0.5350877192982456,0.24782608695652175,0.21107266435986158,True
without_sensitive,education,Not given,2431,171,0.07034142328259975,0.35795259528422935,0.21390374331550802,0.47953216374269003,0.19380530973451326,0.1576923076923077,True
without_sensitive,education,Post Grad,43,0,0.0,0.2925769499568052,0.13953488372093023,,0.13953488372093023,0.0,False
without_sensitive,education,Secondary,59132,5385,0.09106744233240885,0.43006190231537,0.3233443820604749,0.637883008356546,0.29183024168790817,0.17965481171548117,True
without_sensitive,income_type,Commercial,19558,1469,0.0751099294406381,0.37965791542250643,0.25288884344002455,0.5752212389380531,0.2267123666316546,0.1708451273756571,True
without_sensitive,income_type,Govt Job,5800,323,0.055689655172413796,0.3090239257548518,0.15172413793103448,0.4582043343653251,0.13364980828920942,0.16818181818181818,True
without_sensitive,income_type,Maternity leave,2,0,0.0,0.12638400867581367,0.0,,0.0,,False
without_sensitive,income_type,Not given,2438,194,0.07957342083675144,0.3893145249501005,0.26004922067268255,0.634020618556701,0.22771836007130125,0.19400630914826497,True
without_sensitive,income_type,Retired,14871,843,0.05668751260843252,0.3381304993925395,0.1360365812655504,0.3250296559905101,0.12467921300256629,0.13544241225902126,True
without_sensitive,income_type,Service,43073,4109,0.09539618786710932,0.4360129347511188,0.3502426113806793,0.6748600632757362,0.31600964993327174,0.18381280657563304,True
without_sensitive,income_type,Student,8,0,0.0,0.33338393457233906,0.125,,0.125,0.0,False
without_sensitive,income_type,Unemployed,6,3,0.5,0.5349905664722124,0.5,0.6666666666666666,0.3333333333333333,0.6666666666666666,False
