mean_fit_time,std_fit_time,mean_score_time,std_score_time,param_model__subsample,param_model__scale_pos_weight,param_model__reg_lambda,param_model__reg_alpha,param_model__num_leaves,param_model__n_estimators,param_model__max_depth,param_model__learning_rate,param_model__colsample_bytree,params,split0_test_score,split1_test_score,split2_test_score,split3_test_score,split4_test_score,mean_test_score,std_test_score,rank_test_score,split0_train_score,split1_train_score,split2_train_score,split3_train_score,split4_train_score,mean_train_score,std_train_score
33.11172180175781,0.0950519687341756,0.6958313941955566,0.032048037769805325,1.0,10.0,1,0.01,31,300,4,0.05,0.7,"{'model__subsample': 1.0, 'model__scale_pos_weight': 10.0, 'model__reg_lambda': 1, 'model__reg_alpha': 0.01, 'model__num_leaves': 31, 'model__n_estimators': 300, 'model__max_depth': 4, 'model__learning_rate': 0.05, 'model__colsample_bytree': 0.7}",0.7455448225691141,0.7347885949678605,0.748023999586088,0.7407308107246369,0.7537197237685522,0.7445615903232504,0.006434481211477294,1,0.8084557105191617,0.8144265717682776,0.8093850377289139,0.8104710784482908,0.8076040306841596,0.8100684858297609,0.0023789358351036746
31.084538841247557,1.4239548685067323,0.4884630680084229,0.020456951509672663,0.7,12.0,10,0.01,31,150,4,0.02,0.7,"{'model__subsample': 0.7, 'model__scale_pos_weight': 12.0, 'model__reg_lambda': 10, 'model__reg_alpha': 0.01, 'model__num_leaves': 31, 'model__n_estimators': 150, 'model__max_depth': 4, 'model__learning_rate': 0.02, 'model__colsample_bytree': 0.7}",0.7330480693435663,0.7292013764403966,0.7402205050641153,0.7340571187662495,0.7426677783544838,0.7358389695937623,0.00491634501669946,9,0.7595838711005837,0.7611343586253699,0.7579843098757358,0.7600164281177411,0.7570988630789957,0.7591635661596852,0.0014451087779323195
27.861849975585937,0.9342168632359633,0.5985494136810303,0.07015168758852823,0.9,10.0,2,0.0,15,100,4,0.08,1.0,"{'model__subsample': 0.9, 'model__scale_pos_weight': 10.0, 'model__reg_lambda': 2, 'model__reg_alpha': 0, 'model__num_leaves': 15, 'model__n_estimators': 100, 'model__max_depth': 4, 'model__learning_rate': 0.08, 'model__colsample_bytree': 1.0}",0.7401383350855754,0.7356443453379407,0.7481593345669033,0.7392766795477901,0.7490540263093762,0.7424545441695172,0.005252432849501138,4,0.784733895937135,0.7904332240372283,0.7861877537066785,0.7887578127339324,0.7848434529709207,0.786991227877179,0.002250431731915509
34.052868604660034,0.3421301046852081,2.305782842636108,1.723930647069895,0.7,10.0,2,0.01,31,300,6,0.08,1.0,"{'model__subsample': 0.7, 'model__scale_pos_weight': 10.0, 'model__reg_lambda': 2, 'model__reg_alpha': 0.01, 'model__num_leaves': 31, 'model__n_estimators': 300, 'model__max_depth': 6, 'model__learning_rate': 0.08, 'model__colsample_bytree': 1.0}",0.7392309966468305,0.7218761477878101,0.7361791036207981,0.7299604589670371,0.7435246256646314,0.7341542665374214,0.00756329301241008,10,0.9134948806492642,0.9145525983378477,0.9086047693973738,0.9104468427233172,0.913843191569194,0.9121884565353995,0.0022764046491396974
25.256801414489747,5.8050497381585595,1.1522765159606934,0.5602085972403833,0.7,12.0,2,0.0,31,150,4,0.08,0.9,"{'model__subsample': 0.7, 'model__scale_pos_weight': 12.0, 'model__reg_lambda': 2, 'model__reg_alpha': 0, 'model__num_leaves': 31, 'model__n_estimators': 150, 'model__max_depth': 4, 'model__learning_rate': 0.08, 'model__colsample_bytree': 0.9}",0.7417022675742244,0.7345194790046585,0.74785813310673,0.7403955127107017,0.7503145018584907,0.742957978850961,0.005612152273008821,2,0.7991071016402729,0.805419730848188,0.8011147793721329,0.8025624595154919,0.797780596406073,0.8011969335564316,0.0026736560880130417
30.045648670196535,1.8987840018829056,1.5974987030029297,0.287642520229221,0.9,12.0,2,1.0,15,300,6,0.08,0.8,"{'model__subsample': 0.9, 'model__scale_pos_weight': 12.0, 'model__reg_lambda': 2, 'model__reg_alpha': 1.0, 'model__num_leaves': 15, 'model__n_estimators': 300, 'model__max_depth': 6, 'model__learning_rate': 0.08, 'model__colsample_bytree': 0.8}",0.7441146204211802,0.7324065439056662,0.7475070208734897,0.7372381535500363,0.7490053038880493,0.7420543285276844,0.0063018728088241145,5,0.8515784070592847,0.8545269944265715,0.8483536620844192,0.8517588876901263,0.8486037250928488,0.8509643352706501,0.002284251862952397
26.471371841430663,3.6271692089202907,1.6643166065216064,0.6622427382671155,0.8,10.0,5,0.1,63,200,6,0.02,0.7,"{'model__subsample': 0.8, 'model__scale_pos_weight': 10.0, 'model__reg_lambda': 5, 'model__reg_alpha': 0.1, 'model__num_leaves': 63, 'model__n_estimators': 200, 'model__max_depth': 6, 'model__learning_rate': 0.02, 'model__colsample_bytree': 0.7}",0.7420277785504115,0.7312279732149174,0.7461065483482734,0.7382838573751211,0.7496670786895442,0.7414626472356536,0.006388288404830468,6,0.8250064965132845,0.8285354960547601,0.8268792548968896,0.8265495152575107,0.823939368006003,0.8261820261456896,0.0015856470124130594
24.52179365158081,2.2066790278686264,1.42103009223938,0.21497909491222675,0.9,11.37,2,0.0,15,300,6,0.08,0.9,"{'model__subsample': 0.9, 'model__scale_pos_weight': 11.37, 'model__reg_lambda': 2, 'model__reg_alpha': 0, 'model__num_leaves': 15, 'model__n_estimators': 300, 'model__max_depth': 6, 'model__learning_rate': 0.08, 'model__colsample_bytree': 0.9}",0.7427795093146974,0.7305158305819943,0.746177438100129,0.7355761065245812,0.750601763038641,0.7411301295120086,0.00723074176693697,7,0.8509861222684135,0.8555454969414079,0.8491207963529748,0.8537484471810912,0.8502507039173438,0.8519303133322461,0.0023656345207462705
18.329368305206298,5.055876209617477,1.3915558815002442,0.7876060353975238,0.9,11.37,10,0.1,31,100,5,0.03,0.8,"{'model__subsample': 0.9, 'model__scale_pos_weight': 11.37, 'model__reg_lambda': 10, 'model__reg_alpha': 0.1, 'model__num_leaves': 31, 'model__n_estimators': 100, 'model__max_depth': 5, 'model__learning_rate': 0.03, 'model__colsample_bytree': 0.8}",0.7364974260791611,0.7305945360318304,0.7413758114842678,0.7350789641448684,0.7453795056127681,0.7377852486705793,0.005123547424141937,8,0.7813894556476051,0.7833403359201263,0.7805662170924832,0.7809964272012756,0.7786544806233527,0.7809893832969685,0.0015045215764847555
22.548495769500732,5.013136791207645,0.568855619430542,0.051592742809359146,0.9,11.37,10,0.1,63,300,5,0.02,1.0,"{'model__subsample': 0.9, 'model__scale_pos_weight': 11.37, 'model__reg_lambda': 10, 'model__reg_alpha': 0.1, 'model__num_leaves': 63, 'model__n_estimators': 300, 'model__max_depth': 5, 'model__learning_rate': 0.02, 'model__colsample_bytree': 1.0}",0.7411720048502826,0.7339073864470497,0.7463704995519913,0.7411305996733678,0.7500166369243555,0.7425194254894094,0.005458031636569258,3,0.8048841822110692,0.8098620407574886,0.805942954148428,0.8090288962980702,0.8033888692903284,0.8066213885410768,0.0024586687516753593
