mean_fit_time,std_fit_time,mean_score_time,std_score_time,param_model__n_estimators,param_model__min_samples_leaf,param_model__max_features,param_model__max_depth,param_model__class_weight,params,split0_test_score,split1_test_score,split2_test_score,split3_test_score,split4_test_score,mean_test_score,std_test_score,rank_test_score
8.480761098861695,0.26935100163730025,0.2850673198699951,0.012140935362336512,300,20,sqrt,8,,"{'model__n_estimators': 300, 'model__min_samples_leaf': 20, 'model__max_features': 'sqrt', 'model__max_depth': 8, 'model__class_weight': None}",0.7411011728391642,0.7371489282358307,0.729765036399481,0.7341530567652937,0.7300396328894457,0.7344415654258432,0.00431301183214418,28
42.117631912231445,2.006775510146785,0.405684757232666,0.04363791491140582,500,1,0.5,16,balanced_subsample,"{'model__n_estimators': 500, 'model__min_samples_leaf': 1, 'model__max_features': 0.5, 'model__max_depth': 16, 'model__class_weight': 'balanced_subsample'}",0.7586301430557324,0.7626097840595041,0.7545015724339327,0.7579484464117806,0.7529365761149208,0.7573253044151741,0.003383815400771631,7
21.413526821136475,1.4089928686205928,0.25713114738464354,0.01370708847710163,200,10,0.5,16,,"{'model__n_estimators': 200, 'model__min_samples_leaf': 10, 'model__max_features': 0.5, 'model__max_depth': 16, 'model__class_weight': None}",0.7535677534767029,0.759116226090456,0.7477977796759959,0.751403988692986,0.7461969725250491,0.751616544092238,0.004561849308620562,12
15.8960862159729,0.308109915662101,0.27144575119018555,0.02403779617907981,200,5,0.5,20,balanced,"{'model__n_estimators': 200, 'model__min_samples_leaf': 5, 'model__max_features': 0.5, 'model__max_depth': 20, 'model__class_weight': 'balanced'}",0.7631995081939975,0.7661167448497905,0.758790814562157,0.7628724364488177,0.7574097551888586,0.7616778518487243,0.003162210456841615,4
14.095800733566284,1.1005000205601667,0.2666139602661133,0.01362265576013657,200,20,0.3,,,"{'model__n_estimators': 200, 'model__min_samples_leaf': 20, 'model__max_features': 0.3, 'model__max_depth': None, 'model__class_weight': None}",0.7567394591241644,0.7609779998043114,0.748213905695344,0.7536817120994687,0.7465253049915803,0.7532276763429737,0.005341646906429077,11
15.403477478027344,1.2362168437758525,0.3935032844543457,0.04506344745136517,500,20,sqrt,12,balanced_subsample,"{'model__n_estimators': 500, 'model__min_samples_leaf': 20, 'model__max_features': 'sqrt', 'model__max_depth': 12, 'model__class_weight': 'balanced_subsample'}",0.7538915626840349,0.7552485337202799,0.7459795051562237,0.7517877817268508,0.7452203569821697,0.7504255480539118,0.004098571465165266,17
39.043086004257205,1.3365763926017962,0.4214615821838379,0.05951324195122683,500,50,0.5,20,,"{'model__n_estimators': 500, 'model__min_samples_leaf': 50, 'model__max_features': 0.5, 'model__max_depth': 20, 'model__class_weight': None}",0.7515110296357425,0.7535375140535782,0.7419417933431659,0.7485731735168036,0.7438738689339773,0.7478874758966535,0.004404167026322666,20
28.881968593597414,1.2015625121781668,0.3330863952636719,0.017083968105894836,500,5,0.5,8,,"{'model__n_estimators': 500, 'model__min_samples_leaf': 5, 'model__max_features': 0.5, 'model__max_depth': 8, 'model__class_weight': None}",0.738164921161504,0.7372853564024318,0.7296700844444313,0.7349783557935707,0.7282812522789327,0.7336759940161741,0.004000616448977588,30
7.08538966178894,0.4353962764398881,0.2459346294403076,0.021237932993775542,200,50,sqrt,8,,"{'model__n_estimators': 200, 'model__min_samples_leaf': 50, 'model__max_features': 'sqrt', 'model__max_depth': 8, 'model__class_weight': None}",0.739848950573866,0.7379633988520834,0.729582706478014,0.733825425863862,0.7291928438144389,0.7340826651164528,0.004302006379576816,29
10.273001384735107,0.44017380758394276,0.34559221267700196,0.038551180415726444,500,20,log2,8,,"{'model__n_estimators': 500, 'model__min_samples_leaf': 20, 'model__max_features': 'log2', 'model__max_depth': 8, 'model__class_weight': None}",0.7414421140273632,0.739450484329222,0.730424379819643,0.7347000190714934,0.7305678375603554,0.7353169669616154,0.004505011789466826,26
8.33728518486023,0.278845656910918,0.27251501083374025,0.013365929466047729,300,5,log2,12,,"{'model__n_estimators': 300, 'model__min_samples_leaf': 5, 'model__max_features': 'log2', 'model__max_depth': 12, 'model__class_weight': None}",0.7536902619088497,0.7537041447209315,0.7440150711289898,0.7500026308691229,0.7457193913147349,0.7494262999885258,0.003995899242537907,18
30.11230320930481,0.5545295244170815,0.3769400596618652,0.015913044253504507,500,10,0.5,16,balanced,"{'model__n_estimators': 500, 'model__min_samples_leaf': 10, 'model__max_features': 0.5, 'model__max_depth': 16, 'model__class_weight': 'balanced'}",0.7620722681598074,0.7647448571750324,0.7576099743149419,0.7622454587968048,0.7554774972071245,0.7604300111307423,0.003379075511726508,5
7.306648778915405,0.265566113131737,0.2748109340667725,0.041046721644409465,200,10,log2,16,balanced_subsample,"{'model__n_estimators': 200, 'model__min_samples_leaf': 10, 'model__max_features': 'log2', 'model__max_depth': 16, 'model__class_weight': 'balanced_subsample'}",0.7636199432503132,0.7653040834297932,0.7546849368514079,0.7611030154191085,0.7564404876172838,0.7602304933135813,0.004076967549998141,6
8.064591550827027,0.3366401404357761,0.25329151153564455,0.02689293809579836,200,1,sqrt,12,,"{'model__n_estimators': 200, 'model__min_samples_leaf': 1, 'model__max_features': 'sqrt', 'model__max_depth': 12, 'model__class_weight': None}",0.753606152744163,0.755341615021498,0.7472048287317966,0.7510210449221364,0.7457703101711616,0.7505887903181511,0.0036482765700580934,15
14.43718957901001,0.5575373142977988,0.2511564254760742,0.020040111403863244,200,10,0.5,8,balanced_subsample,"{'model__n_estimators': 200, 'model__min_samples_leaf': 10, 'model__max_features': 0.5, 'model__max_depth': 8, 'model__class_weight': 'balanced_subsample'}",0.7413312361425721,0.7415971510697336,0.734284121372983,0.7394873146875793,0.7320253575166515,0.7377450361579039,0.003884013620126093,24
33.34774103164673,1.3698016827412256,0.444285249710083,0.0925308582481553,500,5,0.5,20,balanced,"{'model__n_estimators': 500, 'model__min_samples_leaf': 5, 'model__max_features': 0.5, 'model__max_depth': 20, 'model__class_weight': 'balanced'}",0.7650851706828977,0.7690205048395999,0.7612414247670166,0.7649272837005565,0.7596903587046967,0.7639929485389535,0.0032688045555365735,3
17.979985809326173,0.9935710193088721,0.24727706909179686,0.009728015979916866,200,5,0.5,12,,"{'model__n_estimators': 200, 'model__min_samples_leaf': 5, 'model__max_features': 0.5, 'model__max_depth': 12, 'model__class_weight': None}",0.7491156537936815,0.7525201919224926,0.7412192348276382,0.7469332835591357,0.7423868093945475,0.7464350346994991,0.004196565393407563,22
14.72557291984558,3.780051181073212,0.5575313091278076,0.2888568540307417,500,1,sqrt,12,balanced,"{'model__n_estimators': 500, 'model__min_samples_leaf': 1, 'model__max_features': 'sqrt', 'model__max_depth': 12, 'model__class_weight': 'balanced'}",0.7582494733946614,0.7617062566806417,0.7514808071433426,0.7572908952912243,0.7506276884482321,0.7558710241916206,0.00420688883144655,9
8.059332180023194,2.0070756795291413,0.5490140914916992,0.40231208705856275,200,50,log2,12,balanced,"{'model__n_estimators': 200, 'model__min_samples_leaf': 50, 'model__max_features': 'log2', 'model__max_depth': 12, 'model__class_weight': 'balanced'}",0.7481374324551346,0.7467909473726962,0.7407884780790296,0.7454830008007074,0.7400185840902389,0.7442436885595612,0.003255016161493738,23
8.592702102661132,0.09389622535521312,0.3035395622253418,0.017726749053111807,300,10,sqrt,8,,"{'model__n_estimators': 300, 'model__min_samples_leaf': 10, 'model__max_features': 'sqrt', 'model__max_depth': 8, 'model__class_weight': None}",0.7411451104625081,0.7370681790070467,0.7300543258189515,0.735002319780388,0.7303600265930097,0.7347259923323808,0.004186965433248588,27
20.040217781066893,0.2535850734136554,0.2990573883056641,0.006905799828350375,300,1,0.3,16,,"{'model__n_estimators': 300, 'model__min_samples_leaf': 1, 'model__max_features': 0.3, 'model__max_depth': 16, 'model__class_weight': None}",0.760389198729132,0.7642255809273794,0.7526892093199223,0.7568015720966144,0.7516229139284858,0.7571456950003068,0.004714337644650519,8
7.7165947437286375,0.687189708339743,0.3053722381591797,0.07460683931853478,200,10,log2,12,balanced_subsample,"{'model__n_estimators': 200, 'model__min_samples_leaf': 10, 'model__max_features': 'log2', 'model__max_depth': 12, 'model__class_weight': 'balanced_subsample'}",0.7537439101161763,0.7535031762470993,0.7459031741293239,0.7528873927090032,0.746668904290089,0.7505413114983385,0.003494030153971589,16
7.824766159057617,0.28444021280599535,0.26703271865844724,0.008097406755370334,300,50,log2,8,balanced_subsample,"{'model__n_estimators': 300, 'model__min_samples_leaf': 50, 'model__max_features': 'log2', 'model__max_depth': 8, 'model__class_weight': 'balanced_subsample'}",0.742635002039961,0.7398003238092073,0.7323551927266063,0.7378529634017488,0.7314424676924656,0.7368171899339978,0.004303856650647242,25
11.33451976776123,0.46849853867991975,0.2806224822998047,0.012715974053179138,200,5,0.3,,balanced,"{'model__n_estimators': 200, 'model__min_samples_leaf': 5, 'model__max_features': 0.3, 'model__max_depth': None, 'model__class_weight': 'balanced'}",0.7665475550927952,0.771777092252394,0.7624433243972583,0.7655978691621708,0.762493591295128,0.7657718864399492,0.0034211397238462934,2
17.10639262199402,4.553187230063077,0.7088221549987793,0.3507548534065652,500,1,sqrt,20,balanced,"{'model__n_estimators': 500, 'model__min_samples_leaf': 1, 'model__max_features': 'sqrt', 'model__max_depth': 20, 'model__class_weight': 'balanced'}",0.7718367218840747,0.7760559152410016,0.7664832899337628,0.7704805776317785,0.7642324388562939,0.7698177887093822,0.004141125885795309,1
39.26178555488586,18.617662643265405,0.785948657989502,0.2869266030008254,500,50,0.3,,balanced,"{'model__n_estimators': 500, 'model__min_samples_leaf': 50, 'model__max_features': 0.3, 'model__max_depth': None, 'model__class_weight': 'balanced'}",0.7522160254173613,0.7524379657988063,0.7440033961026101,0.7495537399789272,0.7428980657296341,0.7482218386054678,0.004040817562095913,19
17.005838489532472,0.42195412787860986,0.283274507522583,0.021402179174536285,200,1,0.3,,,"{'model__n_estimators': 200, 'model__min_samples_leaf': 1, 'model__max_features': 0.3, 'model__max_depth': None, 'model__class_weight': None}",0.7561755252669027,0.7667478220415487,0.7521062153998032,0.750335394273124,0.753762447472621,0.7558254808908,0.005790512257567673,10
17.391112041473388,0.5138912900792055,0.26045689582824705,0.005202394353811791,200,50,0.5,16,balanced_subsample,"{'model__n_estimators': 200, 'model__min_samples_leaf': 50, 'model__max_features': 0.5, 'model__max_depth': 16, 'model__class_weight': 'balanced_subsample'}",0.7549487609774829,0.7557486103342028,0.746559672685463,0.7513632240682615,0.7464407110103812,0.7510121958151583,0.00396930281406444,14
26.666826486587524,2.278940493265885,0.3497790813446045,0.05691882511219531,300,50,0.5,,balanced_subsample,"{'model__n_estimators': 300, 'model__min_samples_leaf': 50, 'model__max_features': 0.5, 'model__max_depth': None, 'model__class_weight': 'balanced_subsample'}",0.7548337108645927,0.7559598063052335,0.7465323324338144,0.7517165174825406,0.7468006139063865,0.7511685961985135,0.003930984317850461,13
9.576361799240113,0.2814541095039141,0.24670400619506835,0.010632129954420344,200,50,0.3,16,balanced,"{'model__n_estimators': 200, 'model__min_samples_leaf': 50, 'model__max_features': 0.3, 'model__max_depth': 16, 'model__class_weight': 'balanced'}",0.7522527631780562,0.7511679838723078,0.7437940214997827,0.7484335620620179,0.7431558355169546,0.7477608332258238,0.0037196847575888367,21
