mean_fit_time,std_fit_time,mean_score_time,std_score_time,param_model__subsample,param_model__reg_lambda,param_model__reg_alpha,param_model__n_estimators,param_model__min_child_weight,param_model__max_depth,param_model__learning_rate,param_model__gamma,param_model__colsample_bytree,params,split0_test_score,split1_test_score,split2_test_score,split3_test_score,split4_test_score,mean_test_score,std_test_score,rank_test_score,split0_train_score,split1_train_score,split2_train_score,split3_train_score,split4_train_score,mean_train_score,std_train_score
86.2432692527771,0.474908413982066,0.700122880935669,0.05469216582297761,0.9,2,0.1,200,3,3,0.1,0.5,0.7,"{'model__subsample': 0.9, 'model__reg_lambda': 2, 'model__reg_alpha': 0.1, 'model__n_estimators': 200, 'model__min_child_weight': 3, 'model__max_depth': 3, 'model__learning_rate': 0.1, 'model__gamma': 0.5, 'model__colsample_bytree': 0.7}",0.7425934606320119,0.7351651882047496,0.7495189689275272,0.7421718014735927,0.7515018023639424,0.7441902443203647,0.005829745355101888,9,0.7871302086485132,0.7919747684899336,0.7880654440318065,0.7875035534172274,0.7855155619253449,0.7880379073025651,0.002143423028867301
125.07703609466553,20.702415591488936,1.605001974105835,0.13199003509222426,1.0,1,1.0,700,5,8,0.05,0.0,0.8,"{'model__subsample': 1.0, 'model__reg_lambda': 1, 'model__reg_alpha': 1, 'model__n_estimators': 700, 'model__min_child_weight': 5, 'model__max_depth': 8, 'model__learning_rate': 0.05, 'model__gamma': 0, 'model__colsample_bytree': 0.8}",0.7229472723828988,0.6992976704100964,0.7207420031697911,0.7127964777620083,0.7218363608574487,0.7155239569164487,0.008864666706142412,29,0.9989475674188506,0.9991803877439526,0.9983651481775125,0.9985718812878119,0.9986820196568478,0.998749400856995,0.0002859102055655649
52.19120721817016,2.661847513270348,1.0364333629608153,0.30504516717103164,0.7,10,0.01,300,1,6,0.01,0.0,0.8,"{'model__subsample': 0.7, 'model__reg_lambda': 10, 'model__reg_alpha': 0.01, 'model__n_estimators': 300, 'model__min_child_weight': 1, 'model__max_depth': 6, 'model__learning_rate': 0.01, 'model__gamma': 0, 'model__colsample_bytree': 0.8}",0.7384229054862187,0.7325222025240226,0.7450166698325575,0.7373030101315212,0.7489067392524097,0.7404343054453459,0.005817771235925896,16,0.8036388167257216,0.8073418678066756,0.8037806034435043,0.8055895674263539,0.8027444559408196,0.8046190622686149,0.001645210847841117
41.72445912361145,7.22320767596593,0.9061916828155517,0.20132064898883714,0.9,10,0.0,300,10,3,0.05,0.5,0.9,"{'model__subsample': 0.9, 'model__reg_lambda': 10, 'model__reg_alpha': 0, 'model__n_estimators': 300, 'model__min_child_weight': 10, 'model__max_depth': 3, 'model__learning_rate': 0.05, 'model__gamma': 0.5, 'model__colsample_bytree': 0.9}",0.7439026066774648,0.7366920830727337,0.7496164137701812,0.7426306423626188,0.7521904979029248,0.7450064487571846,0.005456261350882264,2,0.7779303722662654,0.7812568749905107,0.7768004459492209,0.7798335788037323,0.775835992277059,0.7783314528573576,0.0019772024841705547
75.81835660934448,0.7851468747073799,1.3464916229248047,0.5831248655106619,0.9,5,0.1,700,3,5,0.01,0.0,0.9,"{'model__subsample': 0.9, 'model__reg_lambda': 5, 'model__reg_alpha': 0.1, 'model__n_estimators': 700, 'model__min_child_weight': 3, 'model__max_depth': 5, 'model__learning_rate': 0.01, 'model__gamma': 0, 'model__colsample_bytree': 0.9}",0.7437164666489181,0.7347305257030425,0.7489416128053858,0.7423986166854456,0.7536381388510394,0.7446850721387662,0.006380197675259955,5,0.8141302814693366,0.8170962415787454,0.8131982501267337,0.8158768152616841,0.8118893964521909,0.8144381969777381,0.0018581435865135368
57.382063436508176,7.994748267402212,1.650302267074585,1.4557938821943703,1.0,2,0.0,500,5,6,0.08,0.5,0.7,"{'model__subsample': 1.0, 'model__reg_lambda': 2, 'model__reg_alpha': 0, 'model__n_estimators': 500, 'model__min_child_weight': 5, 'model__max_depth': 6, 'model__learning_rate': 0.08, 'model__gamma': 0.5, 'model__colsample_bytree': 0.7}",0.7301186532496038,0.7083573669855044,0.7344948664118963,0.7211624968622944,0.7321936232680002,0.7252654013554599,0.0095859562859532,27,0.9696809964594432,0.9726797894880403,0.971170807435215,0.9689265023593275,0.9724134638443233,0.9709743119172698,0.0014754396877655583
53.46170234680176,1.1131625016092115,0.8045285224914551,0.1142073773297403,0.7,10,1.0,400,1,4,0.05,0.5,0.7,"{'model__subsample': 0.7, 'model__reg_lambda': 10, 'model__reg_alpha': 1, 'model__n_estimators': 400, 'model__min_child_weight': 1, 'model__max_depth': 4, 'model__learning_rate': 0.05, 'model__gamma': 0.5, 'model__colsample_bytree': 0.7}",0.7464035421732651,0.7322580913498781,0.7517368446263009,0.7425775778868583,0.7529332634460628,0.7451818638964729,0.00746124208981021,1,0.825719294739295,0.829513680429266,0.8245558458381689,0.8266347270109029,0.8242611562620588,0.8261369408559383,0.001889074841225201
63.333821535110474,0.29153282206943315,1.3394889831542969,1.03217724336427,0.7,2,0.01,500,3,5,0.05,0.3,0.8,"{'model__subsample': 0.7, 'model__reg_lambda': 2, 'model__reg_alpha': 0.01, 'model__n_estimators': 500, 'model__min_child_weight': 3, 'model__max_depth': 5, 'model__learning_rate': 0.05, 'model__gamma': 0.3, 'model__colsample_bytree': 0.8}",0.7431089481629136,0.7241359357383258,0.7454092144062601,0.7375386694226677,0.7476189087603645,0.7395623352981063,0.008411205157697154,17,0.9000041817983455,0.9023901335602769,0.8983402975341378,0.9003376341863054,0.9015734887924736,0.9005291471743078,0.0013897660495205985
53.18708157539368,9.079025992165763,1.5032168865203857,1.4261131723910767,0.9,2,0.1,400,10,5,0.08,0.1,0.7,"{'model__subsample': 0.9, 'model__reg_lambda': 2, 'model__reg_alpha': 0.1, 'model__n_estimators': 400, 'model__min_child_weight': 10, 'model__max_depth': 5, 'model__learning_rate': 0.08, 'model__gamma': 0.1, 'model__colsample_bytree': 0.7}",0.7427742569276815,0.726674780671404,0.7436060277587996,0.7328520386905388,0.7418338068153252,0.7375481821727499,0.006673238387478574,21,0.9136928340539011,0.9168983449572619,0.913026065548485,0.9151899885366415,0.9140888504709122,0.9145792167134402,0.001355714560182367
50.354321002960205,0.7692696983224115,0.8283549785614014,0.14467236649884524,0.8,5,1.0,200,3,5,0.03,0.0,0.8,"{'model__subsample': 0.8, 'model__reg_lambda': 5, 'model__reg_alpha': 1, 'model__n_estimators': 200, 'model__min_child_weight': 3, 'model__max_depth': 5, 'model__learning_rate': 0.03, 'model__gamma': 0, 'model__colsample_bytree': 0.8}",0.7417881555201651,0.7368553900252681,0.7465445016701827,0.7407441568287902,0.752011148201905,0.7435886704492622,0.00522197753184413,12,0.8031766778749564,0.8080202816025815,0.8034971811832022,0.8061508896769669,0.8026266146691895,0.8046943290013793,0.002058902625514581
47.99089641571045,7.235290085916553,1.1567893028259277,0.9109430378587706,0.9,1,0.01,300,5,4,0.1,0.3,1.0,"{'model__subsample': 0.9, 'model__reg_lambda': 1, 'model__reg_alpha': 0.01, 'model__n_estimators': 300, 'model__min_child_weight': 5, 'model__max_depth': 4, 'model__learning_rate': 0.1, 'model__gamma': 0.3, 'model__colsample_bytree': 1.0}",0.7434186106321925,0.7274332690221749,0.7476498973172685,0.7389584069578178,0.7469555571075227,0.7408831482073952,0.007398587595598579,15,0.8569068234311333,0.86044738481116,0.855616882313095,0.8583947240675202,0.8571750307050778,0.8577081690655973,0.001629388369292452
43.750705814361574,6.84804396658199,0.8139164924621582,0.3375579692305329,0.9,5,0.0,200,3,4,0.05,0.1,1.0,"{'model__subsample': 0.9, 'model__reg_lambda': 5, 'model__reg_alpha': 0, 'model__n_estimators': 200, 'model__min_child_weight': 3, 'model__max_depth': 4, 'model__learning_rate': 0.05, 'model__gamma': 0.1, 'model__colsample_bytree': 1.0}",0.7421642492669608,0.7358631391755509,0.7505959812503691,0.7424659642350003,0.7523791715945176,0.7446937011044797,0.006053810861142191,4,0.7942930601766696,0.7973554158899644,0.7932484407205922,0.7954241479787166,0.7928479497637999,0.7946338029059484,0.0016282768810190974
58.45538520812988,0.386926038971317,0.8640498161315918,0.07952711549112605,0.9,5,0.0,400,3,6,0.08,0.3,0.7,"{'model__subsample': 0.9, 'model__reg_lambda': 5, 'model__reg_alpha': 0, 'model__n_estimators': 400, 'model__min_child_weight': 3, 'model__max_depth': 6, 'model__learning_rate': 0.08, 'model__gamma': 0.3, 'model__colsample_bytree': 0.7}",0.7362075628252854,0.7156276115172125,0.7368810538522617,0.7261027035733372,0.740233348404071,0.7310104560344335,0.009025004388436791,25,0.9645341965124252,0.9656099401042629,0.9643928600736241,0.9634347326636966,0.9657326695916104,0.9647408797891238,0.0008495609285002699
53.61574201583862,4.392424834727408,0.8889340877532959,0.1032835990605066,1.0,2,0.01,400,10,5,0.08,0.5,0.9,"{'model__subsample': 1.0, 'model__reg_lambda': 2, 'model__reg_alpha': 0.01, 'model__n_estimators': 400, 'model__min_child_weight': 10, 'model__max_depth': 5, 'model__learning_rate': 0.08, 'model__gamma': 0.5, 'model__colsample_bytree': 0.9}",0.7398621280379407,0.722919954820695,0.7410542480740933,0.729459317326662,0.7415385699667681,0.7349668436452319,0.007478880468515091,22,0.9096610522607843,0.9117756119854719,0.9098929363372152,0.9084912908190004,0.9093142632770881,0.9098270309359121,0.0010840657619429475
87.03085918426514,0.7003218319740537,1.0932701587677003,0.05117761892113028,0.7,2,1.0,700,3,6,0.01,0.0,1.0,"{'model__subsample': 0.7, 'model__reg_lambda': 2, 'model__reg_alpha': 1, 'model__n_estimators': 700, 'model__min_child_weight': 3, 'model__max_depth': 6, 'model__learning_rate': 0.01, 'model__gamma': 0, 'model__colsample_bytree': 1.0}",0.7444625796427436,0.7339545320170295,0.7488379519690165,0.740213946276629,0.753205327435696,0.744134867468223,0.006685992761018833,10,0.8559688396919903,0.861185321166026,0.8567820455799569,0.8590219865345381,0.8564299455310821,0.8578776277007186,0.001959078799377856
40.388932609558104,10.55899716458789,0.7737407684326172,0.10490992728001894,1.0,1,0.1,400,10,4,0.05,0.1,0.8,"{'model__subsample': 1.0, 'model__reg_lambda': 1, 'model__reg_alpha': 0.1, 'model__n_estimators': 400, 'model__min_child_weight': 10, 'model__max_depth': 4, 'model__learning_rate': 0.05, 'model__gamma': 0.1, 'model__colsample_bytree': 0.8}",0.7442989335325039,0.7329233855007559,0.7490825696040466,0.7404317802916801,0.7520560770388323,0.7437585491935638,0.006722415346949317,11,0.8245248055628024,0.8303060469162005,0.8245578022668959,0.8265712458968834,0.8231722394496482,0.825826428018486,0.0024887783514980747
91.10930490493774,0.5974558681593647,1.4797030448913575,0.07395193762605147,1.0,2,0.1,700,3,8,0.1,0.1,0.8,"{'model__subsample': 1.0, 'model__reg_lambda': 2, 'model__reg_alpha': 0.1, 'model__n_estimators': 700, 'model__min_child_weight': 3, 'model__max_depth': 8, 'model__learning_rate': 0.1, 'model__gamma': 0.1, 'model__colsample_bytree': 0.8}",0.7102271328539229,0.6855555937453209,0.7084774362170486,0.6992427777008904,0.712119757152095,0.7031245395338555,0.009836159878926562,30,0.9999965834887485,0.9999965469746992,0.99998294336882,0.9999910432693602,0.9999856480958338,0.9999905530394922,5.5587671808427105e-06
39.51735105514526,9.993224865378004,0.7415613651275634,0.06795909820770607,1.0,2,0.01,300,3,5,0.08,0.0,0.9,"{'model__subsample': 1.0, 'model__reg_lambda': 2, 'model__reg_alpha': 0.01, 'model__n_estimators': 300, 'model__min_child_weight': 3, 'model__max_depth': 5, 'model__learning_rate': 0.08, 'model__gamma': 0, 'model__colsample_bytree': 0.9}",0.7401721558906641,0.7283804539174563,0.740188488125898,0.7328076583236451,0.7472017287409816,0.7377500969997289,0.006532432543603039,20,0.8889707929537505,0.8921104815237786,0.8898211014724579,0.8912938253315741,0.890059678673404,0.890451175990993,0.0011140153273502748
53.4452121257782,3.198220655145749,1.0155293941497803,0.4014755648694421,0.9,1,0.0,400,1,5,0.03,0.1,0.7,"{'model__subsample': 0.9, 'model__reg_lambda': 1, 'model__reg_alpha': 0, 'model__n_estimators': 400, 'model__min_child_weight': 1, 'model__max_depth': 5, 'model__learning_rate': 0.03, 'model__gamma': 0.1, 'model__colsample_bytree': 0.7}",0.7450236030854257,0.7330328738312332,0.7496593544032364,0.7421003403987851,0.7521370677804752,0.7443906478998312,0.0066695046547085805,8,0.8438264101598771,0.8497471034544317,0.8436432900223998,0.8468578794992763,0.8428333470940247,0.8453816060460019,0.00257569219668474
49.17910280227661,4.626462603355877,0.7012894630432129,0.04545884032257757,0.8,2,0.01,300,3,5,0.03,0.3,0.9,"{'model__subsample': 0.8, 'model__reg_lambda': 2, 'model__reg_alpha': 0.01, 'model__n_estimators': 300, 'model__min_child_weight': 3, 'model__max_depth': 5, 'model__learning_rate': 0.03, 'model__gamma': 0.3, 'model__colsample_bytree': 0.9}",0.744285528527381,0.7358757539863258,0.7500417065754793,0.7395603985256394,0.7529986456446635,0.7445524066518977,0.00635211834459814,6,0.8279721825368604,0.8322694830854824,0.8271531720552884,0.8316953597931835,0.8284700313790603,0.8295120457699751,0.0020684089848143064
51.62155380249023,1.6939144696369852,0.6620431423187256,0.07273685341862209,0.7,2,1.0,400,5,3,0.01,0.3,0.7,"{'model__subsample': 0.7, 'model__reg_lambda': 2, 'model__reg_alpha': 1, 'model__n_estimators': 400, 'model__min_child_weight': 5, 'model__max_depth': 3, 'model__learning_rate': 0.01, 'model__gamma': 0.3, 'model__colsample_bytree': 0.7}",0.7301841482320443,0.7294631337639799,0.7393770495639572,0.732977295534485,0.740722515115377,0.7345448284419687,0.004664986296146427,23,0.7475847136533937,0.7486435308487797,0.7462738686732394,0.7472775323188031,0.7449616448003054,0.7469482580589043,0.001248108999792821
53.766445589065555,3.4429106408566006,0.9704331398010254,0.45748125155340263,0.8,1,0.0,500,3,3,0.03,0.0,0.9,"{'model__subsample': 0.8, 'model__reg_lambda': 1, 'model__reg_alpha': 0, 'model__n_estimators': 500, 'model__min_child_weight': 3, 'model__max_depth': 3, 'model__learning_rate': 0.03, 'model__gamma': 0, 'model__colsample_bytree': 0.9}",0.7431178543843753,0.7367566197133659,0.7492655072132036,0.7424780762815779,0.7520794555740187,0.7447395026333083,0.005400552537104923,3,0.7803035621094778,0.7835435717355695,0.7784320432453805,0.7819360328005529,0.778084235915304,0.780459889161257,0.002072120836901881
75.07174911499024,2.432992912839816,1.84759202003479,1.1591603131983823,1.0,2,0.01,700,3,4,0.01,0.3,0.9,"{'model__subsample': 1.0, 'model__reg_lambda': 2, 'model__reg_alpha': 0.01, 'model__n_estimators': 700, 'model__min_child_weight': 3, 'model__max_depth': 4, 'model__learning_rate': 0.01, 'model__gamma': 0.3, 'model__colsample_bytree': 0.9}",0.7395623537581308,0.7347510019176341,0.7465788953118793,0.7408250790116788,0.7499341150372018,0.7423302890073049,0.005352411443198467,13,0.7814357328066984,0.7837087728628975,0.7818282835594444,0.7831025484309218,0.7793598874234925,0.7818870450166908,0.001509291357972866
48.27109541893005,1.6729444721687439,1.576607608795166,0.4149608708371585,1.0,5,0.1,300,5,4,0.01,0.3,0.8,"{'model__subsample': 1.0, 'model__reg_lambda': 5, 'model__reg_alpha': 0.1, 'model__n_estimators': 300, 'model__min_child_weight': 5, 'model__max_depth': 4, 'model__learning_rate': 0.01, 'model__gamma': 0.3, 'model__colsample_bytree': 0.8}",0.7298901972508824,0.7300430265600271,0.7379920256113566,0.7327747729745412,0.7415067129989774,0.734441347079157,0.004590476467961939,24,0.755327016630617,0.7572153148578143,0.7546041965321939,0.7556137823017949,0.7528667764345995,0.7551254173514039,0.0014156231218012088
36.55052924156189,1.6616125261516073,2.1864743709564207,0.18948038600608236,0.8,10,0.01,200,5,3,0.03,0.3,0.9,"{'model__subsample': 0.8, 'model__reg_lambda': 10, 'model__reg_alpha': 0.01, 'model__n_estimators': 200, 'model__min_child_weight': 5, 'model__max_depth': 3, 'model__learning_rate': 0.03, 'model__gamma': 0.3, 'model__colsample_bytree': 0.9}",0.7362682621500157,0.7336319630784599,0.7442211826074301,0.7371688177966095,0.7454760591916174,0.7393532569648266,0.004652044247243122,18,0.7563824843649476,0.7580284466222095,0.7547176722544671,0.7568008347215981,0.7539994415638388,0.7559857759054122,0.0014524333457356718
59.30800857543945,0.7214315646213019,1.930960464477539,0.8631633135818711,0.8,2,0.1,500,3,5,0.1,0.5,0.8,"{'model__subsample': 0.8, 'model__reg_lambda': 2, 'model__reg_alpha': 0.1, 'model__n_estimators': 500, 'model__min_child_weight': 3, 'model__max_depth': 5, 'model__learning_rate': 0.1, 'model__gamma': 0.5, 'model__colsample_bytree': 0.8}",0.7322343604124942,0.712074599785987,0.735126246832357,0.7224086207788604,0.7339008505124813,0.727148935664436,0.00877261169599979,26,0.9542563094278707,0.954249322638677,0.9539284740396302,0.9548829656338357,0.9547097817060809,0.9544053706892189,0.000344895249724326
38.293494653701785,7.739623194036562,0.761577558517456,0.25378486887187246,0.8,1,0.0,200,5,3,0.03,0.3,0.8,"{'model__subsample': 0.8, 'model__reg_lambda': 1, 'model__reg_alpha': 0, 'model__n_estimators': 200, 'model__min_child_weight': 5, 'model__max_depth': 3, 'model__learning_rate': 0.03, 'model__gamma': 0.3, 'model__colsample_bytree': 0.8}",0.7357249598043956,0.7338248188540597,0.7436422953397781,0.7365845600932107,0.7458557832782822,0.7391264834739453,0.004728962214990167,19,0.7565843727564148,0.7580036128298266,0.7554332581961883,0.7572028822530712,0.7545676370198996,0.7563583526110801,0.0012274900092994253
65.94225254058838,4.359326682644693,1.0679790496826171,0.1383478604732674,1.0,10,1.0,500,10,6,0.03,0.0,0.9,"{'model__subsample': 1.0, 'model__reg_lambda': 10, 'model__reg_alpha': 1, 'model__n_estimators': 500, 'model__min_child_weight': 10, 'model__max_depth': 6, 'model__learning_rate': 0.03, 'model__gamma': 0, 'model__colsample_bytree': 0.9}",0.745579305631696,0.7298911460665283,0.7444534596667021,0.737341334475126,0.7496404321870735,0.7413811356054252,0.006980252710424397,14,0.8912087220881313,0.8999735756453425,0.8922189062326152,0.8927984803923971,0.8894685658682827,0.8931336500453538,0.0036019957473073577
51.86136164665222,6.285294176967996,2.072474241256714,1.5558309368979653,1.0,5,1.0,700,5,3,0.03,0.5,0.7,"{'model__subsample': 1.0, 'model__reg_lambda': 5, 'model__reg_alpha': 1, 'model__n_estimators': 700, 'model__min_child_weight': 5, 'model__max_depth': 3, 'model__learning_rate': 0.03, 'model__gamma': 0.5, 'model__colsample_bytree': 0.7}",0.7440682167237189,0.73561248837015,0.7482679087806579,0.7423025430178759,0.7524745596745451,0.7445451433133896,0.0056882979166918,7,0.7868830329149664,0.7897751128305291,0.7854108215859357,0.7886427990016307,0.7842545065179007,0.7869932545701925,0.0020236954350281405
70.74215059280395,10.21428848236166,0.9322850227355957,0.07770250904455657,0.7,2,0.01,700,1,8,0.03,0.5,0.8,"{'model__subsample': 0.7, 'model__reg_lambda': 2, 'model__reg_alpha': 0.01, 'model__n_estimators': 700, 'model__min_child_weight': 1, 'model__max_depth': 8, 'model__learning_rate': 0.03, 'model__gamma': 0.5, 'model__colsample_bytree': 0.8}",0.7310807992050352,0.7088399977622423,0.733625221467629,0.7182130764031555,0.7318585080774096,0.7247235205830943,0.009646092444916491,28,0.9960217126031647,0.996271056842463,0.9958571236494601,0.9960493534822759,0.9959772569416062,0.996035300703794,0.00013496608092546187
